category,brand,chain,forecast_month,forecast,lower90,upper90,confidence,tier,model
CSD,1724,,month_04,1234.7,1038.7,1465.2,78.6,High,XGBoost(tuned)
CSD,7-UP,,month_04,103906.8,87498.5,123389.7,78.6,High,XGBoost(tuned)
CSD,ALBANI,,month_04,111594.1,93971.9,132518.4,78.6,High,XGBoost(tuned)
CSD,AYYO,,month_04,2343.1,1972.1,2781.5,78.6,High,XGBoost(tuned)
CSD,BOYLAN,,month_04,232.5,194.8,275.1,78.6,High,XGBoost(tuned)
CSD,BUNDABERG,,month_04,1172.7,986.6,1391.7,78.6,High,XGBoost(tuned)
CSD,CANDY CAN,,month_04,305.7,256.4,362.0,78.6,High,XGBoost(tuned)
CSD,CARIBIA,,month_04,865221.6,728598.4,1027461.2,78.6,High,XGBoost(tuned)
CSD,CARLSBERG SPORT,,month_04,6.9,4.8,7.1,78.6,High,XGBoost(tuned)
CSD,CHUPA CHUPS,,month_04,694.8,584.1,824.1,78.6,High,XGBoost(tuned)
CSD,COCA COLA,,month_04,30294728.0,25511062.1,35975392.9,78.6,High,XGBoost(tuned)
CSD,D&G,,month_04,12.0,9.1,13.3,78.6,High,XGBoost(tuned)
CSD,DEPANNEUR FRIZZANTE,,month_04,21.7,17.2,24.7,78.6,High,XGBoost(tuned)
CSD,DOUBLE DUTCH,,month_04,28161.7,23713.8,33441.4,78.6,High,XGBoost(tuned)
CSD,DR PEPPER,,month_04,108441.0,91316.7,128774.1,78.6,High,XGBoost(tuned)
CSD,EASIS,,month_04,11.8,9.0,13.0,78.6,High,XGBoost(tuned)
CSD,EAST IMPERIAL,,month_04,103.5,86.2,121.9,78.6,High,XGBoost(tuned)
CSD,EBELTOFT,,month_04,22472.4,18922.9,26685.2,78.6,High,XGBoost(tuned)
CSD,EFFERVE,,month_04,3667.1,3087.1,4353.8,78.6,High,XGBoost(tuned)
CSD,EGO,,month_04,803390.7,676530.9,954036.2,78.6,High,XGBoost(tuned)
CSD,FANTA,,month_04,8926029.0,7516570.5,10599777.6,78.6,High,XGBoost(tuned)
CSD,FAXE KONDI,,month_04,32343310.0,27236164.4,38408111.4,78.6,High,XGBoost(tuned)
CSD,FENTIMANS,,month_04,54542.0,45928.6,64768.3,78.6,High,XGBoost(tuned)
CSD,FEVER TREE,,month_04,1907052.8,1605920.1,2264649.6,78.6,High,XGBoost(tuned)
CSD,FINGERS CROSSED,,month_04,435.4,365.7,516.1,78.6,High,XGBoost(tuned)
CSD,FRANKLIN & SONS,,month_04,3054.5,2571.1,3626.2,78.6,High,XGBoost(tuned)
CSD,FREM,,month_04,343409.9,289183.1,407802.9,78.6,High,XGBoost(tuned)
CSD,FRESH,,month_04,174587.4,147018.3,207323.9,78.6,High,XGBoost(tuned)
CSD,FRESH MOJITO,,month_04,36841.3,31022.9,43748.5,78.6,High,XGBoost(tuned)
CSD,FUGLSANG,,month_04,1622.6,1365.4,1925.8,78.6,High,XGBoost(tuned)
CSD,GAZOZ,,month_04,11.2,8.4,12.3,78.6,High,XGBoost(tuned)
CSD,GUARANA ANARCTICA,,month_04,269533.0,226971.6,320073.0,78.6,High,XGBoost(tuned)
CSD,HANCOCK,,month_04,1964877.6,1654614.2,2333317.4,78.6,High,XGBoost(tuned)
CSD,HARBOE,,month_04,49464244.0,41653630.9,58739449.1,78.6,High,XGBoost(tuned)
CSD,HARBOE OTHER,,month_04,752991.7,634090.1,894186.7,78.6,High,XGBoost(tuned)
CSD,HATA RAMUNE,,month_04,12572.2,10586.0,14928.6,78.6,High,XGBoost(tuned)
CSD,HAWAI,,month_04,1480.4,1245.6,1756.9,78.6,High,XGBoost(tuned)
CSD,INDI & CO,,month_04,13.8,10.6,15.4,78.6,High,XGBoost(tuned)
CSD,JARRITOS,,month_04,103770.6,87383.8,123228.0,78.6,High,XGBoost(tuned)
CSD,JOLLY,,month_04,2403360.8,2023859.0,2854022.0,78.6,High,XGBoost(tuned)
CSD,KINLEY,,month_04,22209.8,18701.8,26373.5,78.6,High,XGBoost(tuned)
CSD,LE TRIBUTE,,month_04,331.5,278.2,392.7,78.6,High,XGBoost(tuned)
CSD,LE VILLAGE,,month_04,126349.5,106397.3,150040.7,78.6,High,XGBoost(tuned)
CSD,LØGISMOSE,,month_04,93278.4,78548.4,110768.4,78.6,High,XGBoost(tuned)
CSD,MACARN,,month_04,23.3,18.6,26.7,78.6,High,XGBoost(tuned)
CSD,MIRINDA,,month_04,294868.1,248306.2,350158.8,78.6,High,XGBoost(tuned)
CSD,MOUNTAIN DEW.,,month_04,144617.4,121780.7,171734.1,78.6,High,XGBoost(tuned)
CSD,NATUR FRISK,,month_04,5204.6,4381.8,6179.6,78.6,High,XGBoost(tuned)
CSD,NICOLAS VAHE,,month_04,6.8,4.7,7.1,78.6,High,XGBoost(tuned)
CSD,NIKOLINE,,month_04,2621.9,2206.9,3112.5,78.6,High,XGBoost(tuned)
CSD,NODA,,month_04,604482.1,509030.9,717829.6,78.6,High,XGBoost(tuned)
CSD,OLD JAMAICA,,month_04,44.5,36.5,51.9,78.6,High,XGBoost(tuned)
CSD,ORANGINA,,month_04,30654.7,25813.2,36401.9,78.6,High,XGBoost(tuned)
CSD,PACHA,,month_04,789.1,663.5,936.1,78.6,High,XGBoost(tuned)
CSD,PEPSI,,month_04,34213576.0,28811107.5,40629077.3,78.6,High,XGBoost(tuned)
CSD,REINE DES LIMONADES,,month_04,35036.9,29503.4,41605.8,78.6,High,XGBoost(tuned)
CSD,RUBICON,,month_04,548.4,460.8,650.3,78.6,High,XGBoost(tuned)
CSD,SALTUM,,month_04,21109.7,17775.4,25067.0,78.6,High,XGBoost(tuned)
CSD,SAN BENEDETTO,,month_04,339.5,284.9,402.2,78.6,High,XGBoost(tuned)
CSD,SAN PELLEGRINO,,month_04,1877964.8,1581425.2,2230107.2,78.6,High,XGBoost(tuned)
CSD,SCHWEPPES,,month_04,2477616.2,2086389.2,2942201.4,78.6,High,XGBoost(tuned)
CSD,SFC,,month_04,1169.9,984.2,1388.3,78.6,High,XGBoost(tuned)
CSD,SIRMA,,month_04,5478.4,4612.3,6504.7,78.6,High,XGBoost(tuned)
CSD,SPRITE,,month_04,933759.2,786313.7,1108850.5,78.6,High,XGBoost(tuned)
CSD,THE LONDON ESSENCE,,month_04,8.3,6.0,8.9,78.6,High,XGBoost(tuned)
CSD,THE PERFECT MIXER,,month_04,5695.6,4795.3,6762.6,78.6,High,XGBoost(tuned)
CSD,THOMAS HENRY,,month_04,143138.8,120535.6,169978.3,78.6,High,XGBoost(tuned)
CSD,THOR,,month_04,36356.4,30614.6,43172.7,78.6,High,XGBoost(tuned)
CSD,THY,,month_04,60570.0,51004.8,71926.7,78.6,High,XGBoost(tuned)
CSD,TUBORG SQUASH,,month_04,3950308.0,3326536.8,4691042.5,78.6,High,XGBoost(tuned)
CSD,ULUDAG,,month_04,325643.5,274222.0,386705.0,78.6,High,XGBoost(tuned)
CSD,VIMTO,,month_04,1456.9,1225.8,1729.1,78.6,High,XGBoost(tuned)
CSD,VOELKEL,,month_04,45.2,37.0,52.6,78.6,High,XGBoost(tuned)
CSD,WARHEADS,,month_04,3670.2,3089.7,4357.4,78.6,High,XGBoost(tuned)
CSD,ØNDLINGS,,month_04,10.3,7.6,11.2,78.6,High,XGBoost(tuned)
CSD,ØRBÆK,,month_04,22938.4,19315.3,27238.6,78.6,High,XGBoost(tuned)
CSD,ØVRIGE BRAND,,month_04,20911.2,17608.2,24831.3,78.6,High,XGBoost(tuned)
danskvand,ACTIVE 02,MENY,month_04,44.6,43.2,44.0,98.6,High,XGBoost(tuned)
danskvand,ACTIVE 02,MIN KØBMAND,month_04,54.6,53.1,54.1,98.6,High,XGBoost(tuned)
danskvand,ACTIVE 02,NETTO,month_04,1110.6,1099.4,1119.9,98.6,High,XGBoost(tuned)
danskvand,ACTIVE 02,SPAR,month_04,136.8,134.5,137.0,98.6,High,XGBoost(tuned)
danskvand,ACTIVE 02,SUPERBRUGSEN,month_04,42.0,40.6,41.4,98.6,High,XGBoost(tuned)
danskvand,AQUA D'OR,BILKA,month_04,10664.6,10565.8,10762.4,98.6,High,XGBoost(tuned)
danskvand,AQUA D'OR,BRUGSEN,month_04,15626.4,15482.0,15770.0,98.6,High,XGBoost(tuned)
danskvand,AQUA D'OR,FØTEX,month_04,27566.6,27312.8,27820.8,98.6,High,XGBoost(tuned)
danskvand,AQUA D'OR,KVICKLY,month_04,14658.6,14523.1,14793.2,98.6,High,XGBoost(tuned)
danskvand,AQUA D'OR,MENY,month_04,29568.8,29296.6,29841.5,98.6,High,XGBoost(tuned)
danskvand,AQUA D'OR,MIN KØBMAND,month_04,5735.9,5682.3,5788.0,98.6,High,XGBoost(tuned)
danskvand,AQUA D'OR,NEMLIG.COM,month_04,11918.6,11808.3,12027.9,98.6,High,XGBoost(tuned)
danskvand,AQUA D'OR,NETTO,month_04,13305.2,13182.2,13427.4,98.6,High,XGBoost(tuned)
danskvand,AQUA D'OR,SPAR,month_04,22778.0,22568.0,22987.8,98.6,High,XGBoost(tuned)
danskvand,AQUA D'OR,SUPERBRUGSEN,month_04,21310.2,21113.8,21506.5,98.6,High,XGBoost(tuned)
danskvand,BLUE KELD,BILKA,month_04,14993.1,14854.6,15130.9,98.6,High,XGBoost(tuned)
danskvand,BLUE KELD,BRUGSEN,month_04,9593.1,9504.1,9680.9,98.6,High,XGBoost(tuned)
danskvand,BLUE KELD,FØTEX,month_04,24988.6,24758.4,25218.9,98.6,High,XGBoost(tuned)
danskvand,BLUE KELD,KVICKLY,month_04,16842.2,16686.8,16997.1,98.6,High,XGBoost(tuned)
danskvand,BLUE KELD,MENY,month_04,12486.1,12370.6,12600.7,98.6,High,XGBoost(tuned)
danskvand,BLUE KELD,MIN KØBMAND,month_04,3683.0,3648.2,3716.1,98.6,High,XGBoost(tuned)
danskvand,BLUE KELD,NEMLIG.COM,month_04,1149.7,1138.1,1159.3,98.6,High,XGBoost(tuned)
danskvand,BLUE KELD,NETTO,month_04,49038.8,48588.0,49491.7,98.6,High,XGBoost(tuned)
danskvand,BLUE KELD,REMA 1000,month_04,248876.7,246593.1,251179.5,98.6,High,XGBoost(tuned)
danskvand,BLUE KELD,SPAR,month_04,11822.8,11713.4,11931.2,98.6,High,XGBoost(tuned)
danskvand,BLUE KELD,SUPERBRUGSEN,month_04,29363.6,29093.3,29634.4,98.6,High,XGBoost(tuned)
danskvand,CARLSBERG KURVAND,MENY,month_04,919.9,910.5,927.5,98.6,High,XGBoost(tuned)
danskvand,CARLSBERG KURVAND,MIN KØBMAND,month_04,1115.5,1104.3,1124.8,98.6,High,XGBoost(tuned)
danskvand,CARLSBERG KURVAND,SPAR,month_04,813.4,805.0,820.0,98.6,High,XGBoost(tuned)
danskvand,EGEKILDE,BILKA,month_04,18783.4,18610.1,18956.2,98.6,High,XGBoost(tuned)
danskvand,EGEKILDE,BRUGSEN,month_04,5992.3,5936.3,6046.7,98.6,High,XGBoost(tuned)
danskvand,EGEKILDE,FØTEX,month_04,47242.6,46808.3,47678.9,98.6,High,XGBoost(tuned)
danskvand,EGEKILDE,KVICKLY,month_04,10356.0,10260.0,10450.8,98.6,High,XGBoost(tuned)
danskvand,EGEKILDE,MENY,month_04,14115.0,13984.5,14244.6,98.6,High,XGBoost(tuned)
danskvand,EGEKILDE,MIN KØBMAND,month_04,2989.1,2960.6,3015.7,98.6,High,XGBoost(tuned)
danskvand,EGEKILDE,NEMLIG.COM,month_04,7693.6,7622.1,7763.8,98.6,High,XGBoost(tuned)
danskvand,EGEKILDE,NETTO,month_04,1399.8,1385.9,1411.7,98.6,High,XGBoost(tuned)
danskvand,EGEKILDE,REMA 1000,month_04,27768.9,27513.2,28025.0,98.6,High,XGBoost(tuned)
danskvand,EGEKILDE,SPAR,month_04,7210.7,7143.5,7276.4,98.6,High,XGBoost(tuned)
danskvand,EGEKILDE,SUPERBRUGSEN,month_04,18203.6,18035.6,18371.1,98.6,High,XGBoost(tuned)
danskvand,EVIAN,MENY,month_04,1125.5,1114.2,1134.9,98.6,High,XGBoost(tuned)
danskvand,FIRST PRICE,MENY,month_04,145394.3,144059.8,146739.2,98.6,High,XGBoost(tuned)
danskvand,FIRST PRICE,MIN KØBMAND,month_04,55872.1,55358.7,56388.3,98.6,High,XGBoost(tuned)
danskvand,FIRST PRICE,SPAR,month_04,82175.4,81420.7,82935.1,98.6,High,XGBoost(tuned)
danskvand,FREM,BRUGSEN,month_04,459.8,454.6,463.1,98.6,High,XGBoost(tuned)
danskvand,FREM,KVICKLY,month_04,79.9,78.1,79.6,98.6,High,XGBoost(tuned)
danskvand,FREM,MENY,month_04,82.3,80.6,82.1,98.6,High,XGBoost(tuned)
danskvand,FREM,MIN KØBMAND,month_04,228.6,225.5,229.7,98.6,High,XGBoost(tuned)
danskvand,FREM,SPAR,month_04,45.4,44.0,44.9,98.6,High,XGBoost(tuned)
danskvand,FREM,SUPERBRUGSEN,month_04,226.7,223.6,227.7,98.6,High,XGBoost(tuned)
danskvand,HANCOCK,BRUGSEN,month_04,828.3,819.7,835.0,98.6,High,XGBoost(tuned)
danskvand,HANCOCK,FØTEX,month_04,40.0,38.6,39.4,98.6,High,XGBoost(tuned)
danskvand,HANCOCK,KVICKLY,month_04,330.5,326.5,332.6,98.6,High,XGBoost(tuned)
danskvand,HANCOCK,MENY,month_04,1439.9,1425.7,1452.2,98.6,High,XGBoost(tuned)
danskvand,HANCOCK,MIN KØBMAND,month_04,4030.9,3992.9,4067.2,98.6,High,XGBoost(tuned)
danskvand,HANCOCK,SPAR,month_04,3944.3,3907.1,3979.8,98.6,High,XGBoost(tuned)
danskvand,HANCOCK,SUPERBRUGSEN,month_04,49.8,48.4,49.3,98.6,High,XGBoost(tuned)
danskvand,HARBOE,BILKA,month_04,79652.7,78921.2,80389.1,98.6,High,XGBoost(tuned)
danskvand,HARBOE,FØTEX,month_04,167383.1,165846.9,168931.5,98.6,High,XGBoost(tuned)
danskvand,HARBOE,KVICKLY,month_04,104890.5,103927.4,105860.4,98.6,High,XGBoost(tuned)
danskvand,HARBOE,MENY,month_04,95269.0,94394.2,96149.8,98.6,High,XGBoost(tuned)
danskvand,HARBOE,MIN KØBMAND,month_04,29723.9,29450.3,29998.1,98.6,High,XGBoost(tuned)
danskvand,HARBOE,NEMLIG.COM,month_04,30860.1,30576.1,31144.8,98.6,High,XGBoost(tuned)
danskvand,HARBOE,NETTO,month_04,724156.0,717513.2,730858.2,98.6,High,XGBoost(tuned)
danskvand,HARBOE,REMA 1000,month_04,16182.5,16033.1,16331.3,98.6,High,XGBoost(tuned)
danskvand,HARBOE,SPAR,month_04,68979.6,68345.9,69617.1,98.6,High,XGBoost(tuned)
danskvand,HARBOE,SUPERBRUGSEN,month_04,221576.3,219543.1,223626.4,98.6,High,XGBoost(tuned)
danskvand,KILDEVÆLD,BILKA,month_04,16602.9,16449.7,16755.6,98.6,High,XGBoost(tuned)
danskvand,KILDEVÆLD,BRUGSEN,month_04,5726.9,5673.4,5778.9,98.6,High,XGBoost(tuned)
danskvand,KILDEVÆLD,FØTEX,month_04,23656.7,23438.7,23874.7,98.6,High,XGBoost(tuned)
danskvand,KILDEVÆLD,KVICKLY,month_04,7768.5,7696.3,7839.4,98.6,High,XGBoost(tuned)
danskvand,KILDEVÆLD,MENY,month_04,8568.5,8489.0,8646.9,98.6,High,XGBoost(tuned)
danskvand,KILDEVÆLD,MIN KØBMAND,month_04,1708.6,1691.9,1723.4,98.6,High,XGBoost(tuned)
danskvand,KILDEVÆLD,NETTO,month_04,51027.8,50558.8,51499.1,98.6,High,XGBoost(tuned)
danskvand,KILDEVÆLD,SPAR,month_04,5658.0,5605.2,5709.4,98.6,High,XGBoost(tuned)
danskvand,KILDEVÆLD,SUPERBRUGSEN,month_04,12494.9,12379.3,12609.6,98.6,High,XGBoost(tuned)
danskvand,KIRVI,MENY,month_04,34.6,33.3,33.9,98.6,High,XGBoost(tuned)
danskvand,KIRVI,MIN KØBMAND,month_04,0.7,-0.3,-0.3,98.6,High,XGBoost(tuned)
danskvand,KIRVI,SPAR,month_04,20.7,19.5,19.9,98.6,High,XGBoost(tuned)
danskvand,NEMLIG BASIC,NEMLIG.COM,month_04,127813.2,126640.0,128995.4,98.6,High,XGBoost(tuned)
danskvand,OK PLUS,SPAR,month_04,101.2,99.3,101.2,98.6,High,XGBoost(tuned)
danskvand,OK PLUS,SUPERBRUGSEN,month_04,62.2,60.6,61.8,98.6,High,XGBoost(tuned)
danskvand,OTHER BRAND,BILKA,month_04,2469.6,2446.0,2491.5,98.6,High,XGBoost(tuned)
danskvand,OTHER BRAND,BRUGSEN,month_04,99.6,97.7,99.5,98.6,High,XGBoost(tuned)
danskvand,OTHER BRAND,FØTEX,month_04,2616.2,2591.2,2639.4,98.6,High,XGBoost(tuned)
danskvand,OTHER BRAND,MENY,month_04,1100.4,1089.3,1109.6,98.6,High,XGBoost(tuned)
danskvand,OTHER BRAND,MIN KØBMAND,month_04,42.9,41.5,42.3,98.6,High,XGBoost(tuned)
danskvand,OTHER BRAND,SPAR,month_04,887.6,878.4,894.8,98.6,High,XGBoost(tuned)
danskvand,PERRIER,KVICKLY,month_04,2048.6,2028.8,2066.5,98.6,High,XGBoost(tuned)
danskvand,PERRIER,MENY,month_04,1141.9,1130.4,1151.5,98.6,High,XGBoost(tuned)
danskvand,PERRIER,NEMLIG.COM,month_04,588.4,582.1,592.9,98.6,High,XGBoost(tuned)
danskvand,PERRIER,SPAR,month_04,46.6,45.1,46.0,98.6,High,XGBoost(tuned)
danskvand,PERRIER,SUPERBRUGSEN,month_04,2050.2,2030.4,2068.2,98.6,High,XGBoost(tuned)
danskvand,RAMLOESA,BILKA,month_04,9714.7,9624.6,9803.6,98.6,High,XGBoost(tuned)
danskvand,RAMLOESA,BRUGSEN,month_04,8672.1,8591.6,8751.4,98.6,High,XGBoost(tuned)
danskvand,RAMLOESA,FØTEX,month_04,26577.4,26332.7,26822.4,98.6,High,XGBoost(tuned)
danskvand,RAMLOESA,KVICKLY,month_04,9435.1,9347.6,9521.5,98.6,High,XGBoost(tuned)
danskvand,RAMLOESA,MENY,month_04,19917.3,19733.6,20100.7,98.6,High,XGBoost(tuned)
danskvand,RAMLOESA,MIN KØBMAND,month_04,3250.1,3219.3,3279.1,98.6,High,XGBoost(tuned)
danskvand,RAMLOESA,NEMLIG.COM,month_04,14000.3,13870.9,14128.9,98.6,High,XGBoost(tuned)
danskvand,RAMLOESA,NETTO,month_04,18704.3,18531.7,18876.4,98.6,High,XGBoost(tuned)
danskvand,RAMLOESA,SPAR,month_04,12881.6,12762.4,12999.8,98.6,High,XGBoost(tuned)
danskvand,RAMLOESA,SUPERBRUGSEN,month_04,22345.3,22139.3,22551.1,98.6,High,XGBoost(tuned)
danskvand,SALTUM,MENY,month_04,8.1,7.1,7.2,98.6,High,XGBoost(tuned)
danskvand,SALTUM,MIN KØBMAND,month_04,288.9,285.2,290.5,98.6,High,XGBoost(tuned)
danskvand,SALTUM,SPAR,month_04,30.1,28.8,29.3,98.6,High,XGBoost(tuned)
danskvand,SAN BENEDETTO,MENY,month_04,2.6,1.5,1.6,98.6,High,XGBoost(tuned)
danskvand,SAN PELLEGRINO,BILKA,month_04,5348.7,5298.7,5397.2,98.6,High,XGBoost(tuned)
danskvand,SAN PELLEGRINO,BRUGSEN,month_04,9078.2,8994.0,9161.3,98.6,High,XGBoost(tuned)
danskvand,SAN PELLEGRINO,FØTEX,month_04,17204.3,17045.5,17362.5,98.6,High,XGBoost(tuned)
danskvand,SAN PELLEGRINO,KVICKLY,month_04,20005.2,19820.7,20189.4,98.6,High,XGBoost(tuned)
danskvand,SAN PELLEGRINO,MENY,month_04,19601.7,19420.9,19782.1,98.6,High,XGBoost(tuned)
danskvand,SAN PELLEGRINO,MIN KØBMAND,month_04,968.8,958.9,976.8,98.6,High,XGBoost(tuned)
danskvand,SAN PELLEGRINO,NEMLIG.COM,month_04,3385.8,3353.8,3416.2,98.6,High,XGBoost(tuned)
danskvand,SAN PELLEGRINO,SPAR,month_04,5046.7,4999.4,5092.4,98.6,High,XGBoost(tuned)
danskvand,SAN PELLEGRINO,SUPERBRUGSEN,month_04,33289.6,32983.3,33596.8,98.6,High,XGBoost(tuned)
danskvand,THY,MENY,month_04,21.4,20.2,20.6,98.6,High,XGBoost(tuned)
danskvand,THY,MIN KØBMAND,month_04,44.2,42.8,43.6,98.6,High,XGBoost(tuned)
danskvand,THY,SPAR,month_04,474.6,469.3,478.0,98.6,High,XGBoost(tuned)
danskvand,THY,SUPERBRUGSEN,month_04,1.2,0.2,0.2,98.6,High,XGBoost(tuned)
danskvand,ULUDAG,MIN KØBMAND,month_04,5.4,4.3,4.4,98.6,High,XGBoost(tuned)
danskvand,WATER BOX,MENY,month_04,31.6,30.4,30.9,98.6,High,XGBoost(tuned)
danskvand,WATER BOX,MIN KØBMAND,month_04,32.1,30.8,31.3,98.6,High,XGBoost(tuned)
danskvand,WATER BOX,NEMLIG.COM,month_04,101.5,99.6,101.5,98.6,High,XGBoost(tuned)
danskvand,WATER BOX,SPAR,month_04,7.7,6.6,6.7,98.6,High,XGBoost(tuned)
energidrikke,4MOVE,,month_04,6831.2,5216.5,8942.9,68.9,Moderate,XGBoost(tuned)
energidrikke,AQUA D'OR,,month_04,1074.2,819.4,1405.4,68.9,Moderate,XGBoost(tuned)
energidrikke,BUTTERFLY,,month_04,34.0,25.0,43.5,68.9,Moderate,XGBoost(tuned)
energidrikke,CLUTCH COGNITION,,month_04,159.0,120.4,207.2,68.9,Moderate,XGBoost(tuned)
energidrikke,CULT,,month_04,67269.8,51378.2,88074.1,68.9,Moderate,XGBoost(tuned)
energidrikke,EASIS,,month_04,0.0,-1.0,-1.0,68.9,Moderate,XGBoost(tuned)
energidrikke,FAXE KONDI BOOSTER,,month_04,2013191.0,1537629.1,2635833.2,68.9,Moderate,XGBoost(tuned)
energidrikke,FIRE ENERGY,,month_04,3761.3,2871.8,4923.6,68.9,Moderate,XGBoost(tuned)
energidrikke,GATORADE,,month_04,6161.5,4705.1,8066.2,68.9,Moderate,XGBoost(tuned)
energidrikke,HERO,,month_04,0.0,-1.0,-1.0,68.9,Moderate,XGBoost(tuned)
energidrikke,LINUSPRO,,month_04,2.0,0.5,1.6,68.9,Moderate,XGBoost(tuned)
energidrikke,MANA ENERGY,,month_04,0.3,-0.8,-0.6,68.9,Moderate,XGBoost(tuned)
energidrikke,MONSTER ENERGY,,month_04,2476983.2,1891863.2,3243068.0,68.9,Moderate,XGBoost(tuned)
energidrikke,MUST ESSENTIALS,,month_04,3.0,1.3,2.9,68.9,Moderate,XGBoost(tuned)
energidrikke,NOCCO,,month_04,95883.8,73232.9,125537.9,68.9,Moderate,XGBoost(tuned)
energidrikke,NUTRAMINO,,month_04,258.0,196.0,336.8,68.9,Moderate,XGBoost(tuned)
energidrikke,POWERADE,,month_04,121073.1,92471.9,158517.8,68.9,Moderate,XGBoost(tuned)
energidrikke,POWERKING,,month_04,42902.1,32766.7,56169.9,68.9,Moderate,XGBoost(tuned)
energidrikke,PRIME,,month_04,4.2,2.2,4.5,68.9,Moderate,XGBoost(tuned)
energidrikke,RED BULL,,month_04,2311020.5,1765104.6,3025776.0,68.9,Moderate,XGBoost(tuned)
energidrikke,ROCKSTAR,,month_04,2.4,0.8,2.1,68.9,Moderate,XGBoost(tuned)
energidrikke,RUBICON,,month_04,0.1,-0.9,-0.9,68.9,Moderate,XGBoost(tuned)
energidrikke,SMAG,,month_04,7126.7,5442.2,9329.8,68.9,Moderate,XGBoost(tuned)
energidrikke,STATE,,month_04,218927.7,167211.0,286637.0,68.9,Moderate,XGBoost(tuned)
energidrikke,STATE VITAMIN,,month_04,33805.0,25818.5,44259.3,68.9,Moderate,XGBoost(tuned)
energidrikke,VITAMIN WELL,,month_04,210939.2,161109.6,276177.8,68.9,Moderate,XGBoost(tuned)
energidrikke,X-RAY,,month_04,296636.3,226563.2,388379.5,68.9,Moderate,XGBoost(tuned)
RTD,ANDERSEN WINERY,,month_04,5.8,4.7,4.9,97.7,High,XGBoost(tuned)
RTD,ANGIOLETTI,,month_04,2.1,1.0,1.1,97.7,High,XGBoost(tuned)
RTD,APEROL,,month_04,1317.1,1295.2,1337.2,97.7,High,XGBoost(tuned)
RTD,BACARDI,,month_04,3.2,2.1,2.2,97.7,High,XGBoost(tuned)
RTD,BREEZER,,month_04,584201.9,574962.9,593587.4,97.7,High,XGBoost(tuned)
RTD,BRYGHUSET BRAUNSTEIN,,month_04,0.9,-0.1,-0.1,97.7,High,XGBoost(tuned)
RTD,BULMERS,,month_04,83.5,81.2,83.8,97.7,High,XGBoost(tuned)
RTD,BUZZBALLZ,,month_04,3476.1,3420.1,3530.9,97.7,High,XGBoost(tuned)
RTD,CLASSIC COCKTAILS,,month_04,138.9,135.7,140.1,97.7,High,XGBoost(tuned)
RTD,COPPA,,month_04,41.4,39.7,41.0,97.7,High,XGBoost(tuned)
RTD,FEJØ,,month_04,8.1,6.9,7.2,97.7,High,XGBoost(tuned)
RTD,G&T,,month_04,770.1,756.9,781.5,97.7,High,XGBoost(tuned)
RTD,GALIPETTE,,month_04,9.2,8.1,8.4,97.7,High,XGBoost(tuned)
RTD,HAPPY JOE,,month_04,33.4,31.9,33.0,97.7,High,XGBoost(tuned)
RTD,IMPRESS,,month_04,1.7,0.7,0.7,97.7,High,XGBoost(tuned)
RTD,LIME DAIQUIRI,,month_04,1930.0,1898.5,1960.0,97.7,High,XGBoost(tuned)
RTD,MAGNERS,,month_04,7403.4,7285.3,7521.3,97.7,High,XGBoost(tuned)
RTD,MALFY,,month_04,2.3,1.2,1.3,97.7,High,XGBoost(tuned)
RTD,MIKROPOLIS COCKTAILS,,month_04,5800.2,5707.4,5892.4,97.7,High,XGBoost(tuned)
RTD,MOJITO,,month_04,436.0,428.1,442.0,97.7,High,XGBoost(tuned)
RTD,MOKAÏ,,month_04,38717.8,38104.6,39338.9,97.7,High,XGBoost(tuned)
RTD,NOHRLUND,,month_04,155.1,151.6,156.6,97.7,High,XGBoost(tuned)
RTD,NORDIC BY NATURE,,month_04,19.6,18.3,18.9,97.7,High,XGBoost(tuned)
RTD,NYBORG DISTILLERY,,month_04,9.9,8.8,9.1,97.7,High,XGBoost(tuned)
RTD,NØRREBRO,,month_04,336.2,329.9,340.6,97.7,High,XGBoost(tuned)
RTD,OTHER BRAND,,month_04,142.8,139.5,144.0,97.7,High,XGBoost(tuned)
RTD,PUNCH! CLUB,,month_04,5167.5,5084.8,5249.5,97.7,High,XGBoost(tuned)
RTD,READY TO DRINK,,month_04,59947.8,58998.9,60910.0,97.7,High,XGBoost(tuned)
RTD,REKORDERLIG,,month_04,301.0,295.3,304.8,97.7,High,XGBoost(tuned)
RTD,SHAKER,,month_04,499764.3,491860.5,507793.1,97.7,High,XGBoost(tuned)
RTD,SHEPPYS,,month_04,97.2,94.7,97.8,97.7,High,XGBoost(tuned)
RTD,SIR. JAMES 101,,month_04,895.5,880.4,908.9,97.7,High,XGBoost(tuned)
RTD,SMIRNOFF,,month_04,468.2,459.8,474.7,97.7,High,XGBoost(tuned)
RTD,SMIRNOFF ICE/TWISTED,,month_04,363476.8,357728.1,369315.8,97.7,High,XGBoost(tuned)
RTD,SMÅ,,month_04,0.0,-1.0,-1.0,97.7,High,XGBoost(tuned)
RTD,SOMERSBY,,month_04,156459.8,153984.7,158972.7,97.7,High,XGBoost(tuned)
RTD,SPRITZ,,month_04,5531.6,5443.1,5619.5,97.7,High,XGBoost(tuned)
RTD,STOWFORD PRESS,,month_04,387.5,380.4,392.7,97.7,High,XGBoost(tuned)
RTD,TANQUERAY,,month_04,3869.2,3807.0,3930.4,97.7,High,XGBoost(tuned)
RTD,THATCHERS,,month_04,207.5,203.2,209.8,97.7,High,XGBoost(tuned)
RTD,THE COCKTAIL FACTORY,,month_04,11.9,10.7,11.1,97.7,High,XGBoost(tuned)
RTD,WESTONS,,month_04,120.9,117.9,121.8,97.7,High,XGBoost(tuned)
